"Book","Author","Date","List 1","List 2","List 3","List 4","List 5","Gender","Nationality/ Ethnicity","Connectivity","",""
"soundings","A. Hamilton Gibbs","1925.0","0.0","0.0","0.0","0.0","13.0","Male","British","1.0","","0.0"
"the keys of the kingdom","A. J. Cronin","1941.0","0.0","0.0","0.0","0.0","26.0","Male","British","1.0","","0.0"
"winnie-the-pooh","A.A. Milne","1926.0","0.0","0.0","22.0","0.0","0.0","Male","British","1.0","","0.0"
"if winter comes","A.S.M. Hutchinson","1922.0","0.0","0.0","0.0","0.0","10.0","Male","British","1.0","","0.0"
"brave new world","Aldous Huxley","1932.0","5.0","18.0","16.0","44.0","0.0","Male","British","4.0","","5.0"
"point counter point","Aldous Huxley","1928.0","44.0","0.0","0.0","0.0","0.0","Male","British","1.0","","44.0"
"darconville's cat","Alexander Theroux","1981.0","0.0","0.0","0.0","84.0","0.0","Male","European American","1.0","",""
"scarlett","Alexandra Ripley","1991.0","0.0","0.0","0.0","0.0","74.0","Female","European American","1.0","",""
"the color purple","Alice Walker","1982.0","0.0","0.0","5.0","0.0","0.0","Female","African American","1.0","",""
"advise and consent","Allen Drury","1960.0","0.0","0.0","0.0","0.0","44.0","Male","European American","1.0","",""
"a clockwork orange","Anthony Burgess","1962.0","65.0","55.0","49.0","79.0","0.0","Male","British","4.0","",""
"a question of upbringing","Anthony Powell","1951.0","43.0","0.0","0.0","0.0","0.0","Male","British","1.0","",""
"the old wives' tale","Arnold Bennett","1908.0","87.0","0.0","0.0","0.0","0.0","Male","British","1.0","",""
"airport","Arthur Hailey","1968.0","0.0","0.0","0.0","0.0","52.0","Male","British","1.0","",""
"wheels","Arthur Hailey","1971.0","0.0","0.0","0.0","0.0","55.0","Male","British","1.0","",""
"darkness at noon","Arthur Koestler","1940.0","8.0","0.0","0.0","0.0","0.0","Male","British","1.0","",""
"anthem","Ayn Rand","1938.0","0.0","7.0","0.0","0.0","0.0","Female","European American","1.0","",""
"atlas shrugged","Ayn Rand","1957.0","0.0","1.0","92.0","0.0","0.0","Female","European American","2.0","",""
"the fountainhead","Ayn Rand","1943.0","0.0","2.0","43.0","0.0","0.0","Female","European American","2.0","",""
"we the living","Ayn Rand","1936.0","0.0","8.0","0.0","0.0","0.0","Female","European American","1.0","",""
"the age of wire and string","Ben Marcus","1995.0","0.0","0.0","0.0","72.0","0.0","Male","European American","1.0","",""
"seventeen","Booth Tarkington","1916.0","0.0","0.0","0.0","0.0","4.0","Male","European American","1.0","",""
"the magnificent ambersons","Booth Tarkington","1918.0","100.0","0.0","0.0","0.0","0.0","Male","European American","1.0","",""
"the turmoil","Booth Tarkington","1915.0","0.0","0.0","0.0","0.0","3.0","Male","European American","1.0","",""
"doctor zhivago","Boris Pasternak","1958.0","0.0","0.0","0.0","0.0","42.0","Male","Russian","1.0","",""
"american psycho","Brett Easton Ellis","1991.0","0.0","0.0","0.0","76.0","0.0","Male","European American","1.0","",""
"the heart is a lonely hunter","Carson McCullers","1940.0","17.0","52.0","0.0","0.0","0.0","Female","European American","2.0","",""
"greenmantle","Charles de Lint","1988.0","0.0","58.0","0.0","0.0","0.0","Male","European Canadian","1.0","",""
"memory and dream","Charles de Lint","1994.0","0.0","47.0","0.0","0.0","0.0","Male","European Canadian","1.0","",""
"moonheart","Charles de Lint","1984.0","0.0","35.0","0.0","0.0","0.0","Male","European Canadian","1.0","",""
"mulengro","Charles de Lint","1985.0","0.0","95.0","0.0","0.0","0.0","Male","European Canadian","1.0","",""
"someplace to be flying","Charles de Lint","1998.0","0.0","41.0","0.0","0.0","0.0","Male","European Canadian","1.0","",""
"the little country","Charles de Lint","1991.0","0.0","60.0","0.0","0.0","0.0","Male","European Canadian","1.0","",""
"trader","Charles de Lint","1997.0","0.0","50.0","0.0","0.0","0.0","Male","European Canadian","1.0","",""
"yarrow","Charles de Lint","1989.0","0.0","44.0","0.0","0.0","0.0","Male","European Canadian","1.0","",""
"things fall apart","Chinua Achebe","1958.0","0.0","0.0","70.0","0.0","0.0","Male","Nigerian","1.0","",""
"blood meridian","Cormac McCarthy","1965.0","0.0","54.0","0.0","48.0","0.0","Male","European American","2.0","",""
"suttree","Cormac McCarthy","1979.0","0.0","96.0","0.0","0.0","0.0","Male","European American","1.0","",""
"lady chatterley's lover","D.H. Lawrence","1928.0","0.0","0.0","48.0","0.0","0.0","Male","British","1.0","",""
"sons and lovers","D.H. Lawrence","1913.0","9.0","0.0","64.0","0.0","0.0","Male","British","2.0","",""
"the rainbow","D.H. Lawrence","1915.0","48.0","0.0","0.0","0.0","0.0","Male","British","1.0","",""
"women in love","D.H. Lawrence","1921.0","49.0","0.0","75.0","24.0","0.0","Male","British","3.0","",""
"the lost symbol","Dan Brown","2009.0","0.0","0.0","0.0","0.0","91.0","Male ","European American","1.0","",""
"the da vinci code","Dan Brown","2003.0","0.0","0.0","0.0","0.0","86.0","Male ","European American","1.0","",""
"rebecca","Daphne du Maurier","1938.0","0.0","0.0","71.0","0.0","0.0","Female","British","1.0","",""
"the king's general","Daphne du Maurier","1946.0","0.0","0.0","0.0","0.0","31.0","Female","British","1.0","",""
"red harvest","Dashiell Hammett","1929.0","0.0","0.0","0.0","61.0","0.0","Male","European American","1.0","",""
"the maltese falcon","Dashiell Hammett","1930.0","56.0","0.0","79.0","0.0","0.0","Male","European American","2.0","",""
"infinite jest","David Foster Wallace","1996.0","0.0","0.0","0.0","71.0","0.0","Male","European American","1.0","",""
"nightwood","Djuna Barnes","1937.0","0.0","0.0","0.0","52.0","0.0","Female","European American","1.0","",""
"libra","Don DeLillo","1986.0","0.0","0.0","0.0","55.0","0.0","Male","European American","1.0","",""
"underworld","Don DeLillo","1997.0","0.0","0.0","0.0","19.0","0.0","Male","European American","1.0","",""
"white noise","Don DeLillo","1985.0","0.0","0.0","82.0","0.0","0.0","Male","European American","1.0","",""
"60 stories","Donald Barthelme","1981.0","0.0","0.0","0.0","25.0","0.0","Male","European American","1.0","",""
"the golden notebook","Doris Lessing","1962.0","0.0","0.0","0.0","59.0","0.0","Female","British","1.0","",""
"the hitchhiker's guide to the galaxy","Douglas Adams","1979.0","0.0","51.0","72.0","0.0","0.0","Male","British","2.0","",""
"ragtime","E. L. Doctorow","1975.0","86.0","0.0","0.0","0.0","58.0","Male","European American","2.0","",""
"fifty shades of grey","E. L. James","2012.0","0.0","0.0","0.0","0.0","94.0","Female","British","1.0","",""
"charlotte's web","E.B. White","1952.0","0.0","0.0","13.0","0.0","0.0","Male","European American","1.0","",""
"a passage to india","E.M. Forster","1924.0","25.0","0.0","59.0","45.0","0.0","Male","British","3.0","",""
"a room with a view","E.M. Forster","1908.0","79.0","0.0","39.0","0.0","0.0","Male","British","2.0","",""
"howards end","E.M. Forster","1910.0","38.0","0.0","52.0","0.0","0.0","Male","British","2.0","",""
"where angels fear to tread","E.M. Forster","1905.0","0.0","0.0","98.0","0.0","0.0","Male","British","1.0","",""
"the worm ouroboros","E.R. Eddison","1922.0","0.0","32.0","0.0","0.0","0.0","Male","British","1.0","",""
"ethan frome","Edith Wharton","1911.0","0.0","0.0","60.0","0.0","0.0","Female","European American","1.0","",""
"the age of innocence","Edith Wharton","1920.0","58.0","0.0","42.0","0.0","0.0","Female","European American","2.0","",""
"the house of mirth","Edith Wharton","1905.0","69.0","0.0","0.0","65.0","0.0","Female","European American","2.0","",""
"cimarron","Edna Ferber","1930.0","0.0","0.0","0.0","0.0","18.0","Female","European American","1.0","",""
"so big","Edna Ferber","1924.0","0.0","0.0","0.0","0.0","12.0","Female","European American","1.0","",""
"the arrangement","Elia Kazan","1967.0","0.0","0.0","0.0","0.0","51.0","Male","European American","1.0","",""
"the death of the heart","Elizabeth Bowen","1938.0","84.0","0.0","0.0","0.0","0.0","Female","Irish","1.0","",""
"all quiet on the western front","Erich Maria Remarque","1929.0","0.0","0.0","0.0","0.0","17.0","Male","German","1.0","",""
"love story","Erich Segal","1970.0","0.0","0.0","0.0","0.0","54.0","Male","European American","1.0","",""
"a farewell to arms","Ernest Hemingway","1929.0","74.0","91.0","20.0","0.0","0.0","Male","European American","3.0","",""
"for whom the bell tolls","Ernest Hemingway","1940.0","0.0","0.0","30.0","0.0","0.0","Male","European American","1.0","",""
"in our time","Ernest Hemingway","1925.0","0.0","0.0","77.0","0.0","0.0","Male","European American","1.0","",""
"the old man and the sea","Ernest Hemingway","1951.0","0.0","0.0","32.0","0.0","0.0","Male","European American","1.0","",""
"the sun also rises","Ernest Hemingway","1926.0","45.0","63.0","18.0","20.0","0.0","Male","European American","4.0","",""
"tobacco road","Erskine Caldwell","1932.0","91.0","0.0","0.0","0.0","0.0","Male","European American","1.0","",""
"a handful of dust","Evelyn Waugh","1934.0","34.0","0.0","0.0","0.0","0.0","Male","British","1.0","",""
"brideshead revisited","Evelyn Waugh","1945.0","80.0","88.0","74.0","0.0","0.0","Male","British","3.0","",""
"scoop","Evelyn Waugh","1938.0","75.0","0.0","0.0","0.0","0.0","Male","British","1.0","",""
"tender is the night","F. Scott Fitzgerald","1934.0","28.0","0.0","62.0","0.0","0.0","Male","European American","2.0","",""
"the beautiful and the damned","F. Scott Fitzgerald","1922.0","0.0","0.0","96.0","0.0","0.0","Male","European American","1.0","",""
"the great gatsby","F. Scott Fitzgerald","1925.0","2.0","13.0","1.0","22.0","0.0","Male","European American","4.0","",""
"this side of paradise","F. Scott Fitzgerald","1920.0","0.0","0.0","91.0","0.0","0.0","Male","European American","1.0","",""
"at swim-two-birds","Flann O'Brien","1951.0","0.0","76.0","0.0","47.0","0.0","Male","Irish","2.0","",""
"a good man is hard to find","Flannery O'Connor","1953.0","0.0","0.0","61.0","0.0","0.0","Female","European American","1.0","",""
"wise blood","Flannery O'Connor","1952.0","0.0","38.0","0.0","56.0","0.0","Female","European American","2.0","",""
"parade's end","Ford Madox Ford","1925.0","57.0","0.0","0.0","0.0","0.0","Male","British","1.0","",""
"the good soldier","Ford Madox Ford","1915.0","30.0","0.0","0.0","0.0","0.0","Male","British","1.0","",""
"dune","Frank Herbert","1965.0","0.0","14.0","0.0","0.0","0.0","Male","European American","1.0","",""
"the song of bernadette","Franz Werfel","1942.0","0.0","0.0","0.0","0.0","27.0","Male","Austrian","1.0","",""
"the book of the new sun"" tetralogy","Gene Wolfe","1981.0","0.0","0.0","0.0","78.0","0.0","Male","European American","1.0","",""
"1984.0","George Orwell","1949.0","13.0","6.0","9.0","0.0","0.0","Male ","British","3.0","",""
"animal farm","George Orwell","1945.0","31.0","20.0","17.0","0.0","0.0","Male ","British","3.0","",""
"black oxen","Gertrude Atherton","1923.0","0.0","0.0","0.0","0.0","11.0","Female","European American","1.0","",""
"the autobiography of alice b. tokias","Gertrude Stein","1933.0","0.0","0.0","78.0","0.0","0.0","Female","European American","1.0","",""
"the making of americans","Gertrude Stein","1925.0","0.0","0.0","0.0","7.0","0.0","Female","European American","1.0","",""
"mulligan stew","Gilbert Sorrentino","1979.0","0.0","0.0","0.0","94.0","0.0","Male","European American","1.0","",""
"the heart of the matter","Graham Greene","1948.0","40.0","0.0","0.0","0.0","0.0","Male","British","1.0","",""
"mr. britling sees it through","H. G. Wells","1917.0","0.0","0.0","0.0","0.0","5.0","Male","British","1.0","",""
"the war of the worlds","H.G. Wells","1898.0","0.0","0.0","85.0","0.0","0.0","Male","British","1.0","",""
"at the mountains of madness","H.P. Lovecraft","1936.0","0.0","45.0","0.0","0.0","0.0","Male","European American","1.0","",""
"the eyes of the world","Harold Bell Wright","1914.0","0.0","0.0","0.0","0.0","2.0","Male","European American","1.0","",""
"to kill a mockingbird","Harper Lee","1960.0","0.0","5.0","4.0","0.0","0.0","Female","European American","2.0","",""
"tlooth","Harry Mathews","1966.0","0.0","0.0","0.0","73.0","0.0","Male","European American","1.0","",""
"loving","Henry Green","1945.0","89.0","0.0","0.0","0.0","0.0","Male","British","1.0","",""
"portrait of a lady","Henry James","1881.0","0.0","0.0","35.0","0.0","0.0","Male","European American","1.0","",""
"the ambassadors","Henry James","1903.0","27.0","0.0","0.0","23.0","0.0","Male","European American","2.0","",""
"the bostonians","Henry James","1886.0","0.0","0.0","87.0","0.0","0.0","Male","European American","1.0","",""
"the golden bowl","Henry James","1904.0","32.0","0.0","0.0","0.0","0.0","Male","European American","1.0","",""
"the wings of the dove","Henry James","1902.0","26.0","0.0","69.0","0.0","0.0","Male","European American","2.0","",""
"tropic of cancer","Henry Miller","1934.0","50.0","68.0","84.0","37.0","0.0","Male","European American","4.0","",""
"the cardinal","Henry Morton Robinson","1950.0","0.0","0.0","0.0","0.0","35.0","Male","European American","1.0","",""
"marjorie morningstar","Herman Wouk","1955.0","0.0","0.0","0.0","0.0","39.0","Male","European American","1.0","",""
"anthony adverse","Hervey Allen","1934.0","0.0","0.0","0.0","0.0","20.0","Male","European American","1.0","",""
"under the net","Iris Murdoch","1954.0","95.0","0.0","0.0","0.0","0.0","Female","British","1.0","",""
"the agony and the ecstasy","Irving Stone","1961.0","0.0","0.0","0.0","0.0","45.0","Male","European American","1.0","",""
"yellow back radio broke-down","Ishmael Reed","1969.0","0.0","0.0","0.0","86.0","0.0","Male","African American","1.0","",""
"waiting for the barbarians","J. M. Coetzee","1980.0","0.0","0.0","0.0","92.0","0.0","Male","Austrailian","1.0","",""
"the silmarillion","J. R. R. Tolkien and Christopher Tolkien","1977.0","0.0","0.0","0.0","0.0","60.0","Male","British","1.0","",""
"franny and zooey","J.D. Salinger","1961.0","0.0","0.0","54.0","0.0","0.0","Male","European American","1.0","",""
"the catcher in the rye","J.D. Salinger","1951.0","64.0","19.0","2.0","60.0","0.0","Male","European American","4.0","",""
"crash","J.G. Ballard","1973.0","0.0","0.0","0.0","40.0","0.0","Male","British","1.0","",""
"the ginger man","J.P. Donleavy","1955.0","99.0","0.0","0.0","0.0","0.0","Male","European American","1.0","",""
"the lord of the rings","J.R.R. Tolkien","1942.0","0.0","4.0","40.0","0.0","0.0","Male","British","2.0","",""
"on the road","Jack Kerouac","1957.0","55.0","42.0","31.0","38.0","0.0","Male","European American","4.0","",""
"the call of the wild","Jack London","1903.0","88.0","75.0","33.0","0.0","0.0","Male","European American","3.0","",""
"shane","Jack Schaefer","1949.0","0.0","26.0","0.0","0.0","0.0","Male","European American","1.0","",""
"valley of the dolls","Jacqueline Susann","1966.0","0.0","0.0","0.0","0.0","50.0","Female","European American","1.0","",""
"centennial","James A. Michener","1974.0","0.0","0.0","0.0","0.0","57.0","Male","European American","1.0","",""
"chesapeake","James A. Michener","1978.0","0.0","0.0","0.0","0.0","61.0","Male","European American","1.0","",""
"the covenant","James A. Michener","1980.0","0.0","0.0","0.0","0.0","63.0","Male","European American","1.0","",""
"the source","James A. Michener","1965.0","0.0","0.0","0.0","0.0","49.0","Male","European American","1.0","",""
"go tell it on the mountain","James Baldwin","1953.0","39.0","0.0","36.0","0.0","0.0","Male","African American","2.0","",""
"noble house","James Clavell","1981.0","0.0","0.0","0.0","0.0","64.0","Male","British","1.0","",""
"deliverance","James Dickey","1970.0","42.0","0.0","0.0","0.0","0.0","Male","European American","1.0","",""
"by love possessed","James Gould Cozzens","1957.0","0.0","0.0","0.0","0.0","41.0","Male","European American","1.0","",""
"from here to eternity","James Jones","1951.0","62.0","0.0","0.0","0.0","36.0","Male","European American","2.0","",""
"a portrait of the artist as a young man","James Joyce","1916.0","3.0","57.0","14.0","21.0","0.0","Male","Irish","4.0","",""
"dubliners","James Joyce","1915.0","0.0","0.0","0.0","63.0","0.0","Male","Irish","1.0","",""
"finnegans wake","James Joyce","1941.0","77.0","0.0","44.0","10.0","0.0","Male","Irish","3.0","",""
"ulysses","James Joyce","1922.0","1.0","11.0","6.0","2.0","0.0","Male","Irish","4.0","",""
"return of the jedi","James Kahn","1983.0","0.0","0.0","0.0","0.0","66.0","Male","European American","1.0","",""
"the postman always rings twice","James M. Cain","1934.0","98.0","0.0","0.0","0.0","0.0","Male","European American","1.0","",""
"the studs lonigan trilogy","James T. Farrell","1933.0","29.0","0.0","0.0","0.0","0.0","Male","European American","1.0","",""
"the mammoth hunters","Jean M. Auel","1985.0","0.0","0.0","0.0","0.0","68.0","Female","European American","1.0","",""
"the plains of passage","Jean M. Auel","1990.0","0.0","0.0","0.0","0.0","73.0","Female","European American","1.0","",""
"wide sargasso sea","Jean Rhys","1966.0","94.0","0.0","81.0","0.0","0.0","Female","British","2.0","",""
"cane","Jean Toomer","1925.0","0.0","0.0","0.0","64.0","0.0","Male","African American","1.0","",""
"desecration","Jerry B. Jenkins and Tim LaHaye","2001.0","0.0","0.0","0.0","0.0","84.0","Male","European American","1.0","",""
"the sot-weed factor","John Barth","1960.0","0.0","0.0","0.0","42.0","0.0","Male","European American","1.0","",""
"the wapshot chronicles","John Cheever","1957.0","63.0","0.0","0.0","0.0","0.0","Male","European American","1.0","",""
"the 42nd parallel","John Dos Passos","1930.0","23.0","0.0","0.0","0.0","0.0","Male","European American","1.0","",""
"the private life of helen of troy","John Erskine","1926.0","0.0","0.0","0.0","0.0","14.0","Male","European American","1.0","",""
"the french lieutenant's woman","John Fowles","1969.0","0.0","30.0","93.0","77.0","0.0","Male","British","3.0","",""
"the magus","John Fowles","1966.0","93.0","71.0","0.0","0.0","0.0","Male","British","2.0","",""
"the appeal","John Grisham","2008.0","0.0","0.0","0.0","0.0","90.0","Male","European American","1.0","",""
"the brethren","John Grisham","2000.0","0.0","0.0","0.0","0.0","83.0","Male","European American","1.0","",""
"the broker","John Grisham","2005.0","0.0","0.0","0.0","0.0","87.0","Male","European American","1.0","",""
"the chamber","John Grisham","1994.0","0.0","0.0","0.0","0.0","77.0","Male","European American","1.0","",""
"the litigators","John Grisham","2011.0","0.0","0.0","0.0","0.0","93.0","Male","European American","1.0","",""
"the partner","John Grisham","1997.0","0.0","0.0","0.0","0.0","80.0","Male","European American","1.0","",""
"the rainmaker","John Grisham","1995.0","0.0","0.0","0.0","0.0","78.0","Male","European American","1.0","",""
"the runaway jury","John Grisham","1996.0","0.0","0.0","0.0","0.0","79.0","Male","European American","1.0","",""
"the street lawyer","John Grisham","1998.0","0.0","0.0","0.0","0.0","81.0","Male","European American","1.0","",""
"the summons","John Grisham","2002.0","0.0","0.0","0.0","0.0","85.0","Male","European American","1.0","",""
"the testament","John Grisham","1999.0","0.0","0.0","0.0","0.0","82.0","Male","European American","1.0","",""
"the cannibal","John Hawkes","1949.0","0.0","0.0","0.0","49.0","0.0","Male","European American","1.0","",""
"a prayer for owen meany","John Irving","1989.0","0.0","28.0","0.0","0.0","0.0","Male","European American","1.0","",""
"the world according to garp","John Irving","1978.0","0.0","64.0","37.0","0.0","0.0","Male","European American","2.0","",""
"a separate peace","John Knowles","1959.0","0.0","0.0","67.0","0.0","0.0","Male","European American","1.0","",""
"the spy who came in from the cold","John le Carre","1964.0","0.0","0.0","0.0","0.0","48.0","Male","British","1.0","",""
"appointment in samarra","John O'Hara","1934.0","22.0","0.0","0.0","0.0","0.0","Male","European American","1.0","",""
"of mice and men","John Steinbeck","1937.0","0.0","0.0","12.0","0.0","0.0","Male","European American","1.0","",""
"the grapes of wrath","John Steinbeck","1939.0","10.0","22.0","3.0","34.0","24.0","Male","European American","5.0","",""
"rabbit, run","John Updike","1960.0","0.0","0.0","97.0","0.0","0.0","Male","European American","1.0","",""
"heart of darkness","Joseph Conrad","1902.0","67.0","43.0","21.0","28.0","0.0","Male","British","4.0","",""
"lord jim","Joseph Conrad","1900.0","85.0","0.0","86.0","0.0","0.0","Male","British","2.0","",""
"nostromo","Joseph Conrad","1904.0","47.0","0.0","0.0","0.0","0.0","Male","British","1.0","",""
"the secret agent","Joseph Conrad","1907.0","46.0","0.0","0.0","0.0","0.0","Male","British","1.0","",""
"catch-22","Joseph Heller","1961.0","7.0","12.0","15.0","29.0","0.0","Male","European American","4.0","",""
"lookout cartridge","Joseph McElroy","1974.0","0.0","0.0","0.0","39.0","0.0","Male","European American","1.0","",""
"the awakening","Kate Chopin","1899.0","0.0","0.0","50.0","0.0","0.0","Female","European American","1.0","",""
"ship of fools","Katherine Anne Porter","1962.0","0.0","0.0","0.0","0.0","46.0","Female","European American","1.0","",""
"forever amber","Kathleen Winsor","1945.0","0.0","0.0","0.0","0.0","30.0","Female","European American","1.0","",""
"in memoriam to identity","Kathy Acker","1990.0","0.0","0.0","0.0","99.0","0.0","Female","European American","1.0","",""
"one flew over the cuckoo's nest","Ken Kesey","1962.0","0.0","90.0","28.0","0.0","0.0","Male","European American","2.0","",""
"sometimes a great notion","Ken Kesey","1964.0","0.0","93.0","0.0","0.0","0.0","Male","European American","1.0","",""
"the wind in the willows","Kenneth Grahame","1908.0","0.0","0.0","90.0","0.0","0.0","Male","British","1.0","",""
"a thousand splendid suns","Khaled Hosseini**","2007.0","0.0","0.0","0.0","0.0","89.0","Male","Afghan American","1.0","",""
"cat's cradle","Kurt Vonnegut","1963.0","0.0","0.0","66.0","0.0","0.0","Male","European American","1.0","",""
"slaughterhouse-five","Kurt Vonnegut","1969.0","18.0","23.0","29.0","54.0","0.0","Male","European American","2.0","",""
"the wonderful wizard of oz","L. Frank Baum","1900.0","0.0","0.0","47.0","0.0","0.0","Male","European American","1.0","",""
"battlefield earth","L. Ron Hubbard","1982.0","0.0","3.0","0.0","0.0","0.0","Male","European American","1.0","",""
"fear","L. Ron Hubbard","1940.0","0.0","10.0","0.0","0.0","0.0","Male","European American","1.0","",""
"mission earth","L. Ron Hubbard","1986.0","0.0","9.0","0.0","0.0","0.0","Male","European American","1.0","",""
"guilty pleasures","Laurell K. Hamilton","1993.0","0.0","82.0","0.0","0.0","0.0","Female","European American","1.0","",""
"the alexandria quartet","Lawrence Durell","1958.0","70.0","0.0","0.0","0.0","0.0","Male","British","1.0","",""
"exodus","Leon Uris","1959.0","0.0","0.0","0.0","0.0","43.0","Male","European American","1.0","",""
"trinity","Leon Uris","1976.0","0.0","0.0","0.0","0.0","59.0","Male","European American","1.0","",""
"strange fruit","Lillian Smith","1944.0","0.0","0.0","0.0","0.0","29.0","Female","European American","1.0","",""
"green light","Lloyd C. Douglas","1935.0","0.0","0.0","0.0","0.0","21.0","Male","European American","1.0","",""
"the big fisherman","Lloyd C. Douglas","1948.0","0.0","0.0","0.0","0.0","33.0","Male","European American","1.0","",""
"the robe","Lloyd C. Douglas*","1953.0","0.0","0.0","0.0","0.0","28.0","Male","European American","1.0","",""
"under the volcano","Malcolm Lowry","1949.0","11.0","39.0","0.0","14.0","0.0","Male","British","3.0","",""
"the handmaid's tale","Margaret Atwood","1985.0","0.0","53.0","0.0","0.0","0.0","Female","European Canadian","1.0","",""
"gone with the wind","Margaret Mitchell","1936.0","0.0","24.0","26.0","0.0","22.0","Female","European American","3.0","",""
"housekeeping","Marilynne Robinson","1980.0","0.0","0.0","0.0","53.0","0.0","Female","European American","1.0","",""
"the yearling","Marjorie Kinnan Rawlings","1938.0","0.0","0.0","0.0","0.0","23.0","Female","European American","1.0","",""
"zuleika dobson","Max Beerbohm","1911.0","59.0","0.0","0.0","0.0","0.0","Male","British","1.0","",""
"one lonely night","Mickey Spillane","1951.0","0.0","46.0","0.0","0.0","0.0","Male","European American","1.0","",""
"the egyptian","Mika Waltari","1949.0","0.0","0.0","0.0","0.0","34.0","Male","Finnish","1.0","",""
"for one more day","Mitch Albom","2006.0","0.0","0.0","0.0","0.0","88.0","Male","European American","1.0","",""
"the shoes of the fisherman","Morris L. West","1963.0","0.0","0.0","0.0","0.0","47.0","Male","Austrailian","1.0","",""
"not as a stranger","Morton Thompson","1954.0","0.0","0.0","0.0","0.0","38.0","Male","European American","1.0","",""
"the prime of miss jean brodie","Muriel Spark","1961.0","76.0","0.0","0.0","0.0","0.0","Female","British","1.0","",""
"the day of the locust","Nathaniel West","1939.0","73.0","0.0","0.0","51.0","0.0","Male","European American","2.0","",""
"a town like alice","Nevil Shute","1950.0","0.0","17.0","0.0","0.0","0.0","Male","British","1.0","",""
"on the beach","Nevil Shute","1957.0","0.0","56.0","0.0","0.0","0.0","Male","British","1.0","",""
"trustee from the toolroom","Nevil Shute","1960.0","0.0","27.0","0.0","0.0","0.0","Male","British","1.0","",""
"the naked and the dead","Norman Mailer","1948.0","51.0","0.0","80.0","89.0","0.0","Male","European American","3.0","",""
"ender's game","Orson Scott Card","1985.0","0.0","59.0","0.0","0.0","0.0","Male","European American","1.0","",""
"the new york trilogy: city of glass, ghosts, the locked room","Paul Auster","1986.0","0.0","0.0","0.0","69.0","0.0","Male","European American","1.0","",""
"the sheltering sky","Paul Bowles","1949.0","97.0","92.0","0.0","83.0","0.0","Male","European American","3.0","",""
"genoa","Paul Metcalf","1965.0","0.0","0.0","0.0","43.0","0.0","Male","European American","1.0","",""
"the good earth","Pearl S. Buck","1931.0","0.0","0.0","0.0","0.0","19.0","Female","European American","1.0","",""
"portnoy's complaint","Philip Roth","1969.0","52.0","0.0","0.0","0.0","53.0","Male","European American","1.0","",""
"the man in the high castle","Phillip K. Dick","1962.0","0.0","0.0","0.0","75.0","0.0","Male","European American","1.0","",""
"invisible man","Ralph Ellison","1952.0","19.0","69.0","24.0","18.0","0.0","Male","African American","4.0","",""
"farenheit 451","Ray Bradbury","1953.0","0.0","77.0","0.0","0.0","0.0","Male","European American","1.0","",""
"something wicked this way comes","Ray Bradbury","1962.0","0.0","65.0","0.0","0.0","0.0","Male","European American","1.0","",""
"what we talk about when we talk about love","Raymond Carver","1981.0","0.0","0.0","0.0","62.0","0.0","Male","European American","1.0","",""
"double or nothing","Raymond Federman","1972.0","0.0","0.0","0.0","46.0","0.0","Male","European American","1.0","",""
"take it or leave it","Raymond Federman","1975.0","0.0","0.0","0.0","11.0","0.0","Male","European American","1.0","",""
"watership down","Richard Adams","1972.0","0.0","79.0","0.0","0.0","0.0","Male","British","1.0","",""
"illusions","Richard Bach","1977.0","0.0","98.0","0.0","0.0","0.0","Male","European American","1.0","",""
"johnathan livingston seagull","Richard Bach*","1973.0","0.0","0.0","0.0","0.0","56.0","Male","European American","1.0","",""
"a high wind in jamaica","Richard Hughes","1929.0","71.0","0.0","0.0","0.0","0.0","Male","British","1.0","",""
"how green was my valley","Richard Llewellyn","1940.0","0.0","0.0","0.0","0.0","25.0","Male","British","1.0","",""
"native son","Richard Wright","1940.0","20.0","0.0","27.0","50.0","0.0","Male","African American","3.0","",""
"the stain","Rikki Ducornet","1984.0","0.0","0.0","0.0","35.0","0.0","Female","European American","1.0","",""
"pricksongs and descants","Robert Coover","1969.0","0.0","0.0","0.0","74.0","0.0","Male","European American","1.0","",""
"the public burning","Robert Coover","1977.0","0.0","0.0","0.0","4.0","0.0","Male","European American","1.0","",""
"the universal baseball association, inc., j. henry waugh, prop.","Robert Coover","1968.0","0.0","0.0","0.0","90.0","0.0","Male","European American","1.0","",""
"i, claudius","Robert Graves","1934.0","14.0","74.0","0.0","0.0","0.0","Male","British","2.0","",""
"citizen of the galaxy","Robert Heinlein","1957.0","0.0","87.0","0.0","0.0","0.0","Male","European American","1.0","",""
"double star","Robert Heinlein","1956.0","0.0","86.0","0.0","0.0","0.0","Male","European American","1.0","",""
"starship troopers","Robert Heinlein","1959.0","0.0","62.0","0.0","0.0","0.0","Male","European American","1.0","",""
"stranger in a strange land","Robert Heinlein","1961.0","0.0","16.0","0.0","0.0","0.0","Male","European American","1.0","",""
"the door into summer","Robert Heinlein","1956.0","0.0","72.0","0.0","0.0","0.0","Male","European American","1.0","",""
"the moon is a harsh mistress","Robert Heinlein","1966.0","0.0","15.0","0.0","0.0","0.0","Male","European American","1.0","",""
"the puppet masters","Robert Heinlein","1951.0","0.0","83.0","0.0","0.0","0.0","Male","European American","1.0","",""
"mythago wood","Robert Holdstock","1984.0","0.0","97.0","0.0","0.0","0.0","Male","British","1.0","",""
"the bridges of madison county","Robert James Waller","1993.0","0.0","0.0","0.0","0.0","76.0","Male","European American","1.0","",""
"the matarese circle","Robert Ludlum","1979.0","0.0","0.0","0.0","0.0","62.0","Male","European American","1.0","",""
"all the king's men","Robert Penn Warren","1946.0","36.0","0.0","38.0","0.0","0.0","Male","European American","2.0","",""
"zen and the art of motorcycle maintenance","Robert Pirsig","1974.0","0.0","73.0","0.0","0.0","0.0","Male","European American","1.0","",""
"fifth business","Robertson Davies","1970.0","0.0","40.0","0.0","0.0","0.0","Male","European Canadian","1.0","",""
"the cunning man","Robertson Davies","1994.0","0.0","99.0","0.0","0.0","0.0","Male","European Canadian","1.0","",""
"up","Ronald Sukenick","1968.0","0.0","0.0","0.0","85.0","0.0","Male","European Canadian","1.0","",""
"kim","Rudyard Kipling","1901.0","78.0","0.0","95.0","0.0","0.0","Male","British","2.0","",""
"riddley walker","Russell Hoban","1982.0","0.0","0.0","0.0","66.0","0.0","Male","European American","1.0","",""
"the miracle of the bells","Russell Janney","1947.0","0.0","0.0","0.0","0.0","32.0","Male","European American","1.0","",""
"midnight's children","Salman Rushdie","1981.0","90.0","0.0","100.0","41.0","0.0","Male","British Indian","3.0","",""
"the satanic verses","Salman Rushdie","1988.0","0.0","100.0","55.0","0.0","0.0","Male","British Indian","2.0","",""
"trilogy: molloy, malone dies, the unnamable","Samuel Beckett","1956.0","0.0","0.0","0.0","6.0","0.0","Male","Irish","1.0","",""
"the way of all flesh","Samuel Butler","1903.0","12.0","0.0","0.0","0.0","0.0","Male","British","1.0","",""
"dhalgren","Samuel R. Delany","1975.0","0.0","0.0","0.0","33.0","0.0","Male","British","1.0","",""
"hogg","Samuel R. Delany","1996.0","0.0","0.0","0.0","100.0","0.0","Male","African American","1.0","",""
"henderson the rain king","Saul Bellow","1959.0","21.0","0.0","0.0","0.0","0.0","Male","European American","1.0","",""
"the adventures of augie march","Saul Bellow","1953.0","81.0","0.0","0.0","0.0","0.0","Male","European American","1.0","",""
"winesburg, ohio","Sherwood Anderson","1919.0","24.0","0.0","0.0","87.0","0.0","Male","European American","2.0","",""
"the haunting of hill house","Shirley Jackson","1959.0","0.0","66.0","0.0","0.0","0.0","Female","European American","1.0","",""
"arrowsmith","Sinclair Lewis","1925.0","0.0","78.0","0.0","0.0","0.0","Male","European American","1.0","",""
"babbitt","Sinclair Lewis","1922.0","0.0","0.0","94.0","0.0","0.0","Male","European American","1.0","",""
"elmer gantry","Sinclair Lewis","1927.0","0.0","0.0","0.0","0.0","15.0","Male","European American","1.0","",""
"main street","Sinclair Lewis","1921.0","68.0","0.0","99.0","0.0","9.0","Male","European American","3.0","",""
"the franchiser","Stanley Elkin","1976.0","0.0","0.0","0.0","68.0","0.0","Male","European American","1.0","",""
"dolores clairborne","Stephen King","1992.0","0.0","0.0","0.0","0.0","75.0","Male","European American","1.0","",""
"it","Stephen King","1986.0","0.0","84.0","0.0","0.0","69.0","Male","European American","2.0","",""
"the stand","Stephen King","1978.0","0.0","29.0","0.0","0.0","0.0","Male","European American","1.0","",""
"the tommyknockers","Stephen King","1987.0","0.0","0.0","0.0","0.0","70.0","Male","European American","1.0","",""
"the talisman","Stephen King and Peter Straub","1984.0","0.0","0.0","0.0","0.0","67.0","Male","European American","1.0","",""
"going native","Stephen Wright","1994.0","0.0","0.0","0.0","13.0","0.0","Male","European American","1.0","",""
"tours of the black clock","Steve Erickson","1989.0","0.0","0.0","0.0","98.0","0.0","Male","European American","1.0","",""
"creamy & delicious","Steve Katz","1971.0","0.0","0.0","0.0","91.0","0.0","Male","European American","1.0","",""
"the girl who kicked the hornets nest","Stieg Larsson","2010.0","0.0","0.0","0.0","0.0","92.0","Male","Swedish","1.0","",""
"easy travels to other planets","Ted Mooney","1981.0","0.0","0.0","0.0","97.0","0.0","Male","European American","1.0","",""
"the wood wife","Terri Windling","1996.0","0.0","70.0","0.0","0.0","0.0","Female","European American","1.0","",""
"an american tragedy","Theodore Dreiser","1925.0","16.0","0.0","88.0","96.0","0.0","Male","European American","3.0","",""
"sister carrie","Theodore Dreiser","1900.0","33.0","0.0","0.0","0.0","0.0","Male","European American","1.0","",""
"more than human","Theodore Sturgeon","1951.0","0.0","0.0","0.0","93.0","0.0","Male","European American","1.0","",""
"the silver chalice","Thomas B. Costain","1952.0","0.0","0.0","0.0","0.0","37.0","Male","European Canadian","1.0","",""
"schindler's list","Thomas Keneally","1982.0","0.0","0.0","41.0","0.0","0.0","Male","Austrailian","1.0","",""
"gravity's rainbow","Thomas Pynchon","1973.0","0.0","21.0","0.0","3.0","0.0","Male","European American","2.0","",""
"v.","Thomas Pynchon","1963.0","0.0","85.0","0.0","0.0","0.0","Male","European American","1.0","",""
"bonfire of the vanities","Thomas Wolfe","1987.0","0.0","0.0","65.0","0.0","0.0","Male","European American","1.0","",""
"look homeward, angel","Thomas Wolfe","1928.0","0.0","0.0","76.0","95.0","0.0","Male","European American","2.0","",""
"the bridge of san luis rey","Thornton Wilder","1928.0","37.0","0.0","0.0","0.0","16.0","Male","European American","2.0","",""
"clear and present danger","Tom Clancy","1989.0","0.0","0.0","0.0","0.0","72.0","Male","European American","1.0","",""
"the cardinal of the kremlin","Tom Clancy","1988.0","0.0","0.0","0.0","0.0","71.0","Male","European American","1.0","",""
"the hunt for red october","Tom Clancy","1990.0","0.0","81.0","0.0","0.0","0.0","Male","European American","1.0","",""
"skinny legs and all","Tom Robbins","1987.0","0.0","0.0","0.0","70.0","0.0","Male","European American","1.0","",""
"beloved","Toni Morrison","1986.0","0.0","31.0","7.0","12.0","0.0","Female","African American","3.0","",""
"jazz","Toni Morrison","1992.0","0.0","0.0","56.0","0.0","0.0","Female","African American","1.0","",""
"song of solomon","Toni Morrison","1977.0","0.0","0.0","25.0","0.0","0.0","Female","African American","1.0","",""
"in cold blood","Truman Capote","1966.0","0.0","0.0","53.0","0.0","0.0","Male","European American","1.0","",""
"the jungle","Upton Sinclair","1906.0","0.0","0.0","45.0","0.0","0.0","Male","European American","1.0","",""
"always coming home","Ursula K. Le Guin","1985.0","0.0","0.0","0.0","57.0","0.0","Female","European American","1.0","",""
"a bend in the river","V.S. Naipaul","1979.0","83.0","0.0","0.0","0.0","0.0","Male","Caribbean British","1.0","",""
"a house for mr biswas","V.S. Naipaul","1961.0","72.0","0.0","0.0","0.0","0.0","Male","Caribbean British","1.0","",""
"the four horsemen of the apocalypse","Vicente Blasco Ibanez","1919.0","0.0","0.0","0.0","0.0","7.0","Male","Spanish","1.0","",""
"mrs. dalloway","Virginia Woolf","1925.0","0.0","0.0","46.0","0.0","0.0","Female","British","1.0","",""
"orlando","Virginia Woolf","1928.0","0.0","0.0","63.0","0.0","0.0","Female","British","1.0","",""
"to the lighthouse","Virginia Woolf","1927.0","15.0","48.0","34.0","15.0","0.0","Female","British","4.0","",""
"lolita","Vladimir Nabokov","1955.0","4.0","34.0","11.0","9.0","0.0","Male","European American","4.0","",""
"pale fire","Vladimir Nabokov","1962.0","53.0","0.0","0.0","1.0","0.0","Male","European American","2.0","",""
"of human bondage","W. Somerset Maugham","1915.0","66.0","37.0","0.0","0.0","0.0","Male","British","2.0","",""
"the moviegoer","Walker Percy","1961.0","60.0","49.0","0.0","0.0","0.0","Male","European American","2.0","",""
"angle of repose","Wallace Stegner","1971.0","82.0","0.0","0.0","0.0","0.0","Male","European American","1.0","",""
"death comes for the archbishop","Willa Cather","1927.0","61.0","0.0","89.0","0.0","0.0","Female","European American","2.0","",""
"my antonia","Willa Cather","1918.0","0.0","94.0","51.0","0.0","0.0","Female","European American","2.0","",""
"o pioneers!","Willa Cather","1913.0","0.0","0.0","83.0","0.0","0.0","Female","European American","1.0","",""
"don't go near the water","William Brinkley","1956.0","0.0","0.0","0.0","0.0","40.0","Male","European American","1.0","",""
"go in beauty","William Eastlake","1956.0","0.0","0.0","0.0","67.0","0.0","Male","European American","1.0","",""
"absalom, absalom!","William Faulkner","1936.0","0.0","36.0","58.0","32.0","0.0","Male","European American","3.0","",""
"as i lay dying","William Faulkner","1930.0","35.0","67.0","19.0","0.0","0.0","Male","European American","3.0","",""
"light in august","William Faulkner","1932.0","54.0","89.0","68.0","0.0","0.0","Male","European American","3.0","",""
"the sound and the fury","William Faulkner","1929.0","6.0","33.0","10.0","5.0","0.0","Male","European American","4.0","",""
"jr","William Gaddis","1975.0","0.0","0.0","0.0","17.0","0.0","Male","European American","1.0","",""
"the recognitions","William Gaddis","1955.0","0.0","61.0","0.0","27.0","0.0","Male","European American","2.0","",""
"cyberspace trilogy: neuromancer, count zero, mona lisa overdrive","William Gibson","1986.0","0.0","0.0","0.0","36.0","0.0","Male","European Canadian","1.0","",""
"the lord of the flies","William Golding","1954.0","41.0","25.0","8.0","0.0","0.0","Male","British","3.0","",""
"in the heart of the heart of the country","William H. Gass","1968.0","0.0","0.0","0.0","16.0","0.0","Male","European American","1.0","",""
"omensetter's luck","William H. Gass","1966.0","0.0","0.0","0.0","82.0","0.0","Male","European American","1.0","",""
"the tunnel","William H. Gass","1995.0","0.0","0.0","0.0","81.0","0.0","Male","European American","1.0","",""
"ironweed","William Kennedy","1983.0","92.0","0.0","0.0","80.0","0.0","Male","European American","1.0","",""
"e.t., the extraterrestrial","William Kotzwinkle","1982.0","0.0","0.0","0.0","0.0","65.0","Male","European American","1.0","",""
"naked lunch","William S. Burroughs","1959.0","0.0","80.0","73.0","0.0","0.0","Male","European American","2.0","",""
"the nova trilogy: the soft machine, nova express, the ticket that exploded","William S. Burroughs","1964.0","0.0","0.0","0.0","8.0","0.0","Male","European American","1.0","",""
"sophie's choice","William Styron","1979.0","96.0","0.0","57.0","0.0","0.0","Male","European American","2.0","",""
"the rifles","William T. Vollmann","1993.0","0.0","0.0","0.0","26.0","0.0","Male","European American","1.0","",""
"you bright and risen angels","William T. Vollmann","1987.0","0.0","0.0","0.0","88.0","0.0","Male","European American","1.0","",""
"the inside of the cup","Winston Churchill    ","1913.0","0.0","0.0","0.0","0.0","1.0","Male","European American","1.0","",""
"the man of the forest","Zane Grey","1920.0","0.0","0.0","0.0","0.0","8.0","Male","European American","1.0","",""
"the u. p. trail","Zane Grey","1918.0","0.0","0.0","0.0","0.0","6.0","Male","European American","1.0","",""
"their eyes were watching god","Zora Neale Hurston","1937.0","0.0","0.0","23.0","31.0","0.0","Female","African American","2.0","",""
"the unnamable","samuel beckett","1953.0","0.0","0.0","0.0","6.0","0.0","Male","Irish","1.0","",""
"the soft machine","William S. Burroughs","1961.0","0.0","0.0","0.0","8.0","0.0","Male","European American","1.0","",""
"neuromancer","William Gibson","1984.0","0.0","0.0","0.0","36.0","0.0","Male","European American","1.0","",""
"molloy","Samuel Beckett","1955.0","0.0","0.0","0.0","6.0","0.0","Male","Irish","1.0","",""
"mona lisa overdrive","William Gibson","1988.0","0.0","0.0","0.0","36.0","0.0","Male","European American","1.0","",""
"the ticket that exploded","William S. Burroughs","1962.0","0.0","0.0","0.0","8.0","0.0","Male","European American","1.0","",""
